frame_number,left_knee,right_knee,left_ankle,right_ankle,left_hip,right_hip,left_elbow,right_elbow,left_shank,right_shank,trunk_lean,left_ankle_y,right_ankle_y,phase_left,phase_right
0,160.45855501920445,77.37067204895605,116.78677180970074,99.82435031837909,152.1644451523284,104.36842346682212,60.326358685694245,80.96473382320801,58.92861785527572,36.97461829320845,11.551618026808503,0.740420937538147,0.709388256072998,0,0
1,104.55879356877765,163.13268907538142,94.71506630053993,124.46306080246805,116.85153408252373,141.38042963610422,58.337602806726416,65.26222707918666,16.74442940473233,65.0695822905707,4.45168889098627,0.7314616441726685,0.714725911617279,0,0
2,134.98901029695665,143.76032684737095,110.86471249369127,147.61287729169956,121.11749767663909,152.92594730932268,57.5823450115752,69.8519540618176,10.354970847836048,74.57325257129078,3.5165417724815926,0.7328187227249146,0.6988390684127808,0,0
3,151.26874818806584,127.89768874653959,116.60279801119944,150.7450319303544,124.60846310945033,154.6407888672383,54.66011064438618,74.82519410762364,21.301554698592536,85.44955530543876,5.358730380023031,0.7419847249984741,0.6719189286231995,0,0
4,153.59465158687354,115.98060080396317,28.805819519540265,128.64513961292738,130.657283324716,164.3003610121119,67.5307915631391,95.57514282597671,14.476953514389209,85.6133979361161,8.460414747768358,0.7481098175048828,0.6814758777618408,0,0
5,78.45051458764117,178.90594210953117,159.17584564810838,119.75864799137787,160.47060958713138,155.4908243826772,67.94585088263118,97.93671321677986,95.80160133927136,19.093847741030274,13.781506339781156,0.6530774235725403,0.7565343976020813,0,0
6,121.26420712066175,68.85590985239484,66.85982293442328,175.45715377159377,143.2428060519861,149.3836682320212,75.35173288951796,83.57477464932698,38.42766484398077,85.57386344565874,16.44906591265642,0.7574939727783203,0.6802784204483032,0,0
7,120.49784780244681,55.073155636521456,68.62665558175925,134.48258841614947,143.59107633080006,143.6499792546457,81.5502695169435,69.99262888365254,41.91385688387837,96.48135905629417,18.820628355525148,0.7721412777900696,0.6524229049682617,0,0
8,144.53132879320475,40.788572940329985,59.03625702176891,112.31747717894072,170.82456814516877,118.94983793815129,88.43737097738138,74.7066979307472,49.409865365523366,82.04216005423457,23.116626013559376,0.7749531269073486,0.6687143445014954,0,0
9,166.20955272942044,43.33774196120183,80.17137747850238,91.56858031182657,166.25534510057923,112.36752886445717,89.54677022898865,63.49715574791216,50.39473813954057,69.45558853245014,22.859635969540186,0.77341228723526,0.6741904020309448,0,0
10,172.75913111961842,63.590287175728655,134.79702403900055,88.48043374859989,157.93583807929758,112.10088949801174,85.44895462393951,63.07800135346133,52.472120503807396,47.21489870487531,23.16708970272341,0.7641499042510986,0.6954498291015625,0,0
11,161.52991005310395,94.9454350667338,132.66050210353407,93.57143060158602,158.52774044010968,113.59877843571778,60.76337667088743,52.78767599604794,64.54762447713827,16.415344456949523,24.605274970351896,0.7429738640785217,0.7142987251281738,0,0
12,150.33310721092812,124.70929976422201,140.1854189960473,108.42851666494354,157.53343327402686,117.45983590837368,67.17454409625536,53.94167129165941,74.11638448733372,9.048466458945382,21.982924972288682,0.7175434231758118,0.7231881618499756,0,0
13,134.50853928526917,143.90995242271842,146.1123350937713,118.1418893839197,162.09249525985126,125.53111425221583,89.6132908945393,57.17477563614773,85.71602822224138,22.795580146821937,22.3170627673618,0.6795710921287537,0.7271896600723267,0,0
14,123.7814867835493,150.24265841577156,149.4850350645089,112.44649833298283,165.54018198719947,135.48544988390233,90.1172854558077,84.8035405078457,92.1554515702873,19.19781831697168,21.47712034103611,0.6603318452835083,0.7373601198196411,0,0
15,103.11226091637826,153.17008221315876,139.1564790812991,108.42690181811783,178.89294839356177,147.16985850828857,107.05448655926065,90.79787325459085,98.48160834897777,9.662447762747737,20.48681765891831,0.6443588137626648,0.7504332065582275,0,0
16,69.55789011424156,151.86115377976938,150.95064920218852,103.51779950796157,150.38633280034182,145.07627554043367,104.41593470958675,85.79199846202826,100.13568834409189,3.5794550300114514,19.307245657991622,0.6415471434593201,0.754063069820404,0,0
17,58.91670064886058,130.79658656931716,139.99799088262816,80.38409627945761,136.80098134158703,147.7158520010877,104.9900081765582,113.42441479895257,96.77366172893612,26.378464045753386,18.88938103620968,0.6465624570846558,0.7559603452682495,0,0
18,40.83443235594916,160.66594094370404,134.82791456716384,84.24375790807554,110.39478091919926,176.3853606689663,94.20837621089858,104.06614780843066,86.20015705304513,29.765821463832804,16.639808489795012,0.6572878360748291,0.7558461427688599,0,0
19,81.77204552051876,138.71020886226557,112.39885124033626,61.42330321940142,131.10680948114657,174.52227196673905,75.66593038793565,77.84764732611652,62.14491668099021,52.61678882190289,12.810152720362384,0.6753349900245667,0.7487207651138306,0,0
20,64.1903198091145,170.91664233554192,96.8396926819812,111.66637098394199,106.88498544773509,156.80398973424707,65.76190541917624,89.73027979464102,52.14234083296738,49.657322353034225,9.447675194346798,0.6874948143959045,0.7376704216003418,0,0
21,88.6198868813431,163.8779387894826,87.70930134107965,129.76822684457042,112.82321868058466,153.5269045515668,58.4986842954945,76.27834637903014,29.246473069375707,60.63907511619701,5.04314127013418,0.7058398127555847,0.7125255465507507,0,0
22,81.04741345066067,156.38350321212414,75.64301076840135,49.04662475096886,116.26944097311024,144.1833152717445,59.63845827529896,90.32763800811244,40.16709497385344,71.11771003547175,4.945067451403842,0.7162438631057739,0.6800737977027893,0,0
23,143.91491627339235,137.68336387178525,120.12961235722739,151.92405349455336,119.49311131667581,151.81690976223368,57.37013657128041,91.91097727535437,17.222728231010695,82.30479946121126,7.199076725705828,0.7199734449386597,0.6566488742828369,0,0
24,125.64940372890558,166.3116500493963,159.4576501835072,132.4947586457479,158.6299686571933,128.58749754430886,61.855004724506514,79.92532472608804,89.42862141834647,28.64261647939668,13.707993804445314,0.6361807584762573,0.700438916683197,0,0
25,163.08517701278922,82.1452087229733,107.53512572840863,159.99905948228243,139.34034111401533,169.1474392466262,71.13809364809184,65.31446737316416,10.47470707390352,96.24045992052027,13.270128824870387,0.7223677039146423,0.6174873113632202,0,0
26,63.18153026390522,164.58086419523696,151.94102553498692,101.57857929120385,141.3743129030156,158.1086275876777,73.65744905154698,83.03649164897881,92.38404772595575,0.5810318323926231,14.191265086845352,0.6340053677558899,0.7093247175216675,0,0
27,99.66873411428328,121.10606811236454,44.28900110951372,94.61974756505568,139.10587299466027,146.96659201848914,69.70007843470056,66.44578648435946,59.01803479245887,33.74898576714496,19.580895912081875,0.715969443321228,0.6720185875892639,0,0
28,131.74500957735594,43.26399063678635,56.130206902258394,153.933782548915,158.33443431752139,117.77523094515828,71.53098753902357,74.01729410722868,50.88044867977187,82.5145298941031,24.291023939606443,0.725737988948822,0.6232487559318542,0,0
29,154.4947834454417,45.48031523715511,63.607335083129406,132.12638550075,177.48517693080322,108.4380851413431,76.87449474991462,73.32052408874706,53.41129496835408,69.56362740085349,25.391255344598967,0.7282761335372925,0.645484447479248,0,0
30,168.69879373463348,56.87527598307483,96.30030452957261,93.40848326208913,164.38419190906615,106.47963995104477,75.65432146949726,65.93568526143544,52.80114005047654,53.31657273482988,25.884125694176063,0.7176018953323364,0.6464711427688599,0,0
31,169.73998762850925,79.3407114559592,137.58549905084502,89.38692884351379,159.81173630952068,110.5852475193073,168.07318517767303,60.119063820709805,58.21178253174521,29.592609238388288,27.763506469775137,0.7045447826385498,0.6564189791679382,0,0
32,160.98690088610383,117.8910561552699,138.84461028472845,107.85020117254885,157.6026492031109,121.11037869664648,91.98781614946465,60.16974102964599,68.85439212481869,1.8182384477328195,27.443942214033356,0.6840757131576538,0.6651461720466614,0,0
33,144.35712739807354,141.24983084062217,143.82054939106004,118.95469853671722,162.08083605233352,123.87844199865226,92.13343891688926,61.28825071236932,80.6217420829823,21.44916543036932,27.059705533389334,0.6531691551208496,0.6751514673233032,0,0
34,129.74893577355778,150.33741089369343,146.7454462408506,111.9395304939675,165.8308931345194,126.68256577328378,90.56536562812256,59.12646728729668,89.2032955380907,23.391975601073742,24.783124446167847,0.6273277997970581,0.685379147529602,0,0
35,114.90176148212208,143.96876329466173,146.1190065525596,106.4196964590019,173.48315551014224,133.26187871619848,99.79480300282506,75.4679919134825,96.05676608844293,10.736502273703467,24.441683080707236,0.6106984615325928,0.698931872844696,0,0
36,81.97619706505537,165.19208096440104,143.23092243682143,123.86718303479212,159.08941164561762,147.25305286140056,132.67500656020158,96.48363260584394,99.8623037338758,15.939969463577606,22.749089153313594,0.6009739637374878,0.711377739906311,0,0
37,60.93498078165539,125.86759880948075,144.39536452142565,72.9597257719711,140.23098311448143,145.22665011398726,106.02693652578515,109.63106431511864,100.5710229898385,29.883464832914576,21.27502065701243,0.6031212210655212,0.7151709198951721,0,0
38,48.501876045347885,124.5289348736574,132.25035220070623,67.48778833538776,120.82735921850228,149.79463180777785,105.7126353038848,93.41589541391622,93.68597244302099,42.33624234041945,21.360489269866573,0.6126664280891418,0.7134109139442444,0,0
39,36.48542902295102,156.19193904735943,108.86353395985864,70.34191493019657,103.0949263022716,179.59653030954453,105.44575243043776,84.61650685648422,85.60238017551679,44.05046779538383,18.99288289619617,0.6187169551849365,0.7190326452255249,0,0
40,50.65588089649575,165.10215703727735,95.58956466849338,104.63516595972094,100.31839736728573,164.64873087703432,83.58393381504531,96.67584037426415,66.26603464687234,48.529819409132486,16.603518176082353,0.6467734575271606,0.7138087153434753,0,0
41,73.84526180931039,160.98629542460256,84.08891730202988,131.59830245726863,101.97571238736508,158.57501426470407,55.881257220235675,87.3445527386057,42.67369718408532,58.220401943743155,14.543246606030598,0.6670166254043579,0.6849277019500732,0,0
42,106.90867248437776,148.9897165330913,93.12895018536672,133.97314040013669,106.06380011212927,157.3190479596395,51.46688406784627,88.20054935594494,11.779940221174488,70.54076920310715,12.624812593422975,0.6795173287391663,0.6589058637619019,0,0
43,139.8075376179972,132.3143852045677,113.27929519509725,146.50746373780174,113.23363231121982,162.79670219354287,56.12273835974471,95.4586746752873,15.137156753828377,82.15805515817685,11.436748552948957,0.681566596031189,0.6229329109191895,0,0
44,152.53941651035672,119.55920132918116,107.58275427824327,156.42693037154726,119.9716471182048,164.72158632403983,55.54217359794081,103.32758185921003,20.6748453330894,90.41077303101659,11.892924059062487,0.6709567308425903,0.5800014734268188,0,0
45,140.53402305832063,105.30461408636761,91.37354177065153,151.0791828599847,122.33146831877835,167.616290447966,62.31741812621846,108.53719845804333,5.841800714411694,99.21953996640863,12.360754025130579,0.666731595993042,0.5424551963806152,0,0
46,131.48806139982526,85.22578339515377,86.18512816495239,119.63842958600611,127.52450092688976,173.51277846950867,69.23182840661481,95.71164333150881,10.538193320577735,98.58069819145545,14.501753793513206,0.6548029184341431,0.5295910239219666,0,0
47,68.59718423148722,109.38041270340071,162.21398180979054,58.59233862233685,136.1291171131121,138.72673335114243,69.69068104222048,126.3422991318235,85.31008497645216,39.49542295330477,17.778152094827302,0.5794605016708374,0.6182423233985901,0,0
48,84.9072858257548,97.72792767726797,105.43718470677399,61.81062645695929,145.95327800230422,143.42370653088392,72.64938948081173,74.71451829646776,81.942537940401,56.45686943027245,20.896545763851588,0.5732651352882385,0.6189707517623901,0,0
49,139.54842326597733,44.47693457047971,62.01029225073129,112.65462336209315,178.45360376966076,114.52622900972104,80.90189498963072,75.94661076459496,62.56356494412571,76.30684568188269,23.658384440442337,0.6172555685043335,0.5538297295570374,0,0
50,157.20072709373267,50.181039186150144,94.86521516164514,89.74598404952783,167.77321904524456,109.18868705466022,85.12772196373453,68.0608051755722,60.41983641509173,62.79601058298519,25.393782554068967,0.6180426478385925,0.5603940486907959,0,0
51,171.3529018383898,69.41796486962801,128.35857978830964,87.58232960660062,155.02706538028926,110.03179495300749,77.77144278397628,59.98928510082653,58.54150119513459,41.43799478976019,24.921468413813745,0.6213585138320923,0.5745395421981812,0,0
52,161.73396971525693,100.52679702908236,137.30100712668428,102.82861600343854,155.81919561812092,112.34023766509982,76.17054459964724,55.92457460824341,67.04698198015906,12.521871647017209,24.600147313536873,0.6113547086715698,0.5823307037353516,0,0
53,148.46106243888119,138.07513440840552,141.15391985882943,117.6612797821755,158.68889766853505,122.23193448210078,77.62052277666592,62.27427198059176,76.4191218184944,16.794256325932395,23.569081925910638,0.5947486162185669,0.6008548736572266,0,0
54,135.7437416504654,154.61017902204003,147.38205194887706,118.25995328085679,162.55325245045103,127.7969441671857,83.16235008905892,79.38388288506054,84.83971384524534,26.561590397738883,23.136707946161735,0.5686008334159851,0.6152245402336121,0,0
55,120.71560122979618,154.06732107081237,152.19925405611556,109.05356736594308,169.40212493950187,135.14015462393536,76.18632189651203,81.29872232102517,92.87095381393561,18.189398549994767,22.988679983233748,0.5550561547279358,0.6315650939941406,0,0
56,96.27471456217548,138.5024614494571,123.85193765219832,95.56090312547303,173.5862471562418,140.8693370104222,97.80544074157116,102.26685108912335,97.38055270753657,4.35431553370041,20.069020113470202,0.5455180406570435,0.6462293863296509,0,0
57,68.52356292196212,131.3509344850916,156.7704382645716,89.49784082996258,145.27706572219537,131.19463291783643,109.76749217120957,91.21818252357147,97.73809021581346,11.387096637630075,20.98458741558022,0.551581859588623,0.6571909785270691,0,0
58,43.15802452781359,122.79219236820649,145.76711457586623,68.30039605743367,117.98802085508021,140.85790272500893,86.8963082297601,86.49462037310984,95.09751990542325,36.702354804019905,20.267523578156606,0.5612703561782837,0.6693782806396484,0,0
59,36.95850326091257,146.6941588425038,125.54558609132671,70.37002024076901,104.09563206943496,170.57511585909967,85.8111442950384,100.45020112326338,85.99911681406671,42.71318226463593,18.861988005544347,0.5799773335456848,0.6725572943687439,0,0
60,46.52771411059519,161.56599608572589,100.53320338048202,87.76305330330764,100.66129250529949,167.1527391077732,74.5186476203933,102.1928571075295,69.2320741239254,49.762744365883144,15.09849572922111,0.6068890690803528,0.6722456216812134,0,0
61,67.466002737161,164.4091363738369,89.36606988838896,113.14161497313881,103.80976791890907,159.56360148238448,62.1118249813626,92.64658208263056,47.76401465172212,55.66430816902467,11.42024946997406,0.6335092782974243,0.6651557683944702,0,0
62,99.21133293129414,162.65154351243797,91.23384045317535,121.04538327210777,104.95439218173719,154.625662819456,58.93930150481407,82.7948747645085,16.953849671583082,63.56374316482002,11.210790421140027,0.6568872928619385,0.65897136926651,0,0
63,133.26761351015753,148.50889280158532,104.73116507119977,142.62648832453905,112.64370585137551,157.31144580248542,58.56903565110112,73.64387911799845,10.697764058190531,74.80359321935916,9.926143600591455,0.6721609830856323,0.6346178650856018,0,0
64,153.6363537823868,130.7639463313714,115.36451307926231,149.19466101846515,120.60103128997169,163.11248748537972,59.7486054172798,62.15025563470604,23.960079487988764,85.84021886907378,9.075243004426337,0.6824389696121216,0.608650803565979,0,0
65,143.0020664701397,112.4337051465138,105.82083595491503,149.6461197892259,121.72038975138481,168.42708642366787,58.62983673388618,82.06760149556092,11.46794557868232,95.49584472678565,9.813731140072548,0.6937540769577026,0.5922434329986572,0,0
66,138.3091539718043,101.29981123293813,98.33736595468483,141.447431888334,127.46478878967851,170.5807020862223,71.21031467297507,103.03114847403238,0.5457864339695806,101.52127898027659,11.390151616095629,0.7055587768554688,0.582889199256897,0,0
67,125.91557281956584,65.97611599352084,75.44525056387477,147.82712747525653,135.20412723957944,152.2060100079915,64.23802409726719,81.49924725062239,25.56624806695637,98.78580851808913,16.27769364694281,0.7091716527938843,0.5841957330703735,0,0
68,120.34113287835011,49.77642565167313,58.255000243195134,137.69761244836627,146.4198433253595,137.6237902075027,69.22528203467908,144.5491325506376,44.36557814743601,99.55860532393707,18.286867700426644,0.7179209589958191,0.5914823412895203,0,0
69,140.23267864736172,36.272332790663995,57.90303158123685,75.14250229588326,170.31345664556878,122.42804253136312,61.6566091060109,82.55854915355089,51.47375337804203,93.83958228769063,21.392975379834997,0.7220215201377869,0.5993203520774841,0,0
70,51.74029535306311,132.24877400550602,80.25718509568715,81.55543294377763,96.68109969928857,177.55292560742964,68.98151306391259,64.05530022143199,67.43866275401255,53.860258020793,22.49785840778709,0.6567586660385132,0.710943877696991,0,0
71,174.8605767765182,68.1254303481775,120.12452052293325,84.46468759913671,153.95901638910175,109.39010383647525,60.22014568779445,56.618013788361566,54.93379646457186,46.89121039148368,23.75338963019183,0.7075750827789307,0.6659460663795471,0,0
72,171.98161325437246,89.60212909837185,134.3320797164465,88.43826227823828,150.6305025411936,109.89643178382975,71.97322719699937,50.84355054076477,62.37572872334774,22.216657107910805,24.987844518913857,0.7040658593177795,0.6766873002052307,0,0
73,163.51907908115862,123.52402447741663,147.24815111976793,104.69326557925591,152.58216030726274,115.09837808434278,71.44938573234516,51.746096153084125,69.47682654798801,8.144588032612102,25.5780659364094,0.6987805366516113,0.6905382871627808,0,0
74,146.428090564596,153.62620131408835,150.88392444783364,118.725274540641,158.07867652912907,126.24340744324942,71.48958462443481,57.222088780870415,80.8155038624712,27.70632161918138,25.322270956196224,0.6672242283821106,0.6999560594558716,0,0
75,132.43761671355213,163.0660710686931,156.11064080537568,119.54070130074021,165.71005800692612,134.10582723983964,75.63397960668803,55.496439902815354,88.46571996644455,28.824124882309572,26.61339468692281,0.642991304397583,0.7155607342720032,0,0
76,114.76021335589913,154.94427892785592,150.43690431500644,111.37982696013901,172.61232277948386,139.21753936236814,93.26893331099242,69.86130965379533,97.74037870196396,14.817340726461094,25.112914837346896,0.630167543888092,0.7329109907150269,0,0
77,179.96330801058303,109.02129649433986,103.27339679043459,147.23572949430414,156.54285123015953,166.23832040080532,101.98659691081197,114.08777479307423,1.4348525696250176,89.69284439833653,21.985604210790378,0.741692841053009,0.6311960220336914,0,0
78,66.81048112399755,124.48986069634464,146.64234116883668,76.89198393096518,145.5058511740647,149.59960860761356,128.2486424544222,123.01839497233102,100.41388595525324,38.91117942773002,21.718515905186077,0.6416398286819458,0.7496389150619507,0,0
79,53.6055079521104,136.80680767412017,146.59309396288847,68.85919207449082,127.00935840365811,161.0883717015755,113.95909691957887,108.63831264125498,94.03155362948662,39.08600911939401,20.6277031779389,0.648821234703064,0.759979248046875,0,0
80,34.66209363659331,154.69324162473282,105.18938564941742,71.34652201965932,108.28296234556768,177.92013464877044,76.16463977353352,108.35521115554187,89.82770365691262,45.41629120276948,16.206834947938244,0.6523351669311523,0.7582613229751587,0,0
81,104.98801137924069,151.1960076276035,100.17634216569603,86.09005009895591,151.1691596242424,173.16283893518272,56.24165591506109,79.89107032182827,56.09146841619766,54.9650774294255,9.910320171195941,0.7442641258239746,0.745617151260376,0,0
82,56.05665861270398,163.1272594884225,61.28143318582602,61.98246703469705,110.52008751269372,151.86210285475013,55.31814173765397,79.13710531043841,62.05768320526062,60.53948545632181,7.594254305270898,0.7266532182693481,0.7322486042976379,0,0
83,109.2275655216292,162.25479887597655,94.84032090970183,146.95818553468513,110.26514800427331,144.62722806260896,51.5982287594002,83.3603080853497,8.945366322904864,67.37767396549187,7.9077838402607625,0.7386297583580017,0.7187179327011108,0,0
84,140.5494075580429,143.47579691615772,108.76151655469361,144.30196425921383,114.88201380549326,149.0371312788819,51.899229978995415,72.2016124029898,15.617559539233225,80.54359266339229,10.049834213316423,0.7481603622436523,0.6867218613624573,0,0
85,149.9804536053227,123.78232248355393,112.5390261135465,154.40521638399568,119.91225193174806,157.0433626530924,53.74728451186981,66.71331188243614,19.14434326398672,90.40169882501925,10.923858409587938,0.7552445530891418,0.6643456220626831,0,0
86,139.2720788678852,113.866868181404,101.62463938985817,151.44951287050839,123.76672850927314,158.47573752649745,49.02882860224248,77.42622330297922,4.62123776322257,97.36873731248296,10.884112595389421,0.7669296860694885,0.6516671776771545,0,0
87,153.86100801220857,85.46057240487377,134.24281379529793,119.97011506069836,129.25112166298308,174.54693793072627,57.76721969265299,86.46342428909819,10.864534389716232,98.56088755570345,13.74535195950924,0.7694243788719177,0.6427263021469116,0,0
88,96.17746354871586,89.51862266329657,60.509482463284826,56.668593723404584,136.75046276392231,143.05385191807724,65.10407303678635,78.04465233501166,57.076025912205935,63.12198409179013,16.50302669699949,0.7660442590713501,0.7270975708961487,0,0
89,119.87827861508855,60.970468502878106,54.263435451552255,82.78522655515626,153.5341908227218,124.75096210989845,76.89575790576085,113.15139122102569,53.86637829276988,73.60509020158378,20.210466085136648,0.7827017307281494,0.7132805585861206,0,0
90,149.7343579519334,46.60586832052438,53.48537544379346,100.0132588464379,175.95200925563358,108.22343319809225,74.57463869068896,61.22523284565294,56.415566392093595,66.6729687540895,22.101933599660537,0.7862533926963806,0.7095664143562317,0,0
91,167.9018098465667,81.34431539479083,88.18576469745244,100.37798669703254,160.66981818164018,120.6446746447436,46.85023683535173,64.65494688006844,54.87760714731779,42.35230065554315,23.449235175524613,0.7851219177246094,0.7080203294754028,0,0
92,170.89481445611,85.42478209163825,139.63613931688218,91.34658225736989,154.46989040924674,117.63106528068525,49.87016426105598,54.99550997223054,58.485296256417655,27.686431130029654,23.850001121774365,0.7766121029853821,0.7281779646873474,0,0
93,164.75449317463168,119.82237457703108,144.80291065535863,106.0479137171151,153.13777688865324,120.26992172488708,49.54986781151825,49.88870296112846,65.6361812273301,2.875381793398652,23.528451290615,0.7682397961616516,0.7443522214889526,0,0
94,150.44348169438473,148.22150130263367,145.45326934660773,118.35566571493933,155.35779409680268,126.30627729387332,60.73206192758065,51.499083211622995,76.84208050991003,24.616032764371027,22.643356301097455,0.7354459166526794,0.754237174987793,0,0
95,134.0110775479046,158.97940103965323,150.42056140268596,116.26254275943198,164.9688963532898,133.8172299981631,69.70229886028919,55.87907190918774,85.63386487320776,27.43820074108134,24.61383877440216,0.714148998260498,0.7734371423721313,0,0
96,118.4276702950761,158.7620589820539,151.48489324339548,115.85954417547484,171.7851934771881,138.8246542594896,78.1216201893799,62.19390364119057,93.80398710521533,20.003594671586445,24.016850877479474,0.6988605260848999,0.7894381284713745,0,1
97,92.74866008999022,144.09237436582106,130.25261349091585,105.75407810963682,169.1712623399288,143.29812328529908,94.64840656509192,86.9571798211824,98.25406271261204,0.43812112010651516,21.831460462673437,0.6865319013595581,0.8012554049491882,0,1
98,63.23538786316908,125.62105344704769,148.9664092665614,79.50548668948043,140.85171051553922,141.89805307858282,97.63881774459371,97.8255798648047,99.73475245963746,24.09489295068839,22.11842980726732,0.6879104971885681,0.8148881196975708,0,1
99,47.09324879148144,109.5248446237011,147.788863907745,61.54778270344857,118.29599368306722,139.3135292519904,104.3917643125684,96.0043071896198,95.53390580883134,45.499144849601805,24.33116091724554,0.6998229622840881,0.8182190656661987,0,1
100,33.918082572216896,152.9330148798563,120.4695815494642,76.59014322340022,100.95278731993572,179.92984992693616,74.4700428194724,105.97093228058857,86.52999419464349,44.3775813282807,19.495289446924684,0.7062911987304688,0.8168621063232422,0,1
101,45.93833116205702,165.429834483174,94.51995933924894,94.25642009222878,101.62060026175568,164.13104084343445,61.02368650023781,101.23969654801935,68.09537975076172,50.81694237738201,12.413110651063079,0.7406456470489502,0.8079324960708618,0,1
102,65.274682084389,169.21347777437387,80.83552356163257,113.74295868192736,103.68778570774523,155.19289933798242,58.07507112305155,95.42950344675971,46.04882545112604,54.60353516755952,7.635721827769797,0.7667216062545776,0.8075162172317505,0,1
103,97.91842345555936,155.27355214694768,93.41103473584164,132.1864769486305,106.21074934319208,151.7874069582437,53.38878208280484,87.26455450125985,15.954395485122829,70.03511850009697,7.662069597490131,0.7842308282852173,0.7658368349075317,0,0
104,131.04274307597947,143.36214797673549,110.93387732029377,143.40902566012744,111.74997453459623,152.92557412993676,52.235782543586986,84.43029038936245,12.995316558343736,80.42722317200592,6.297451983039482,0.7937889695167542,0.7301254272460938,0,0
105,151.76736543729027,140.37423503920766,115.89446418251222,116.43132969919965,120.36795700057421,149.83318947714358,52.235620039619604,85.20418016125602,24.453644229083885,82.54660124680103,6.945764207632161,0.8074538111686707,0.723810076713562,1,0
106,147.24797897517638,120.22375685466481,109.41629357673922,148.88823473650376,121.87473308685664,151.26184896945537,45.73894571662814,76.00219855329813,15.25834733718382,97.50952476762194,10.114898551135866,0.8165481686592102,0.6862033009529114,1,0
107,130.43523317325332,99.82072878279389,95.51755350009572,144.19475785239413,129.5549386364931,164.58781090028518,60.85246516742405,80.8844579045141,8.160881101825852,101.3830627337329,9.041175638586042,0.8232740163803101,0.6784481406211853,1,0
108,119.51692651925578,67.43481045790776,70.31764287553183,104.16655405003561,138.880064274382,160.33867689210993,64.32675738272108,25.2827776394289,31.011551517830796,100.0702032109935,11.648413762704589,0.8265565037727356,0.6860660910606384,1,0
109,120.73178685055102,68.90297402934803,58.488057509970865,142.15686092500843,154.68485011992175,152.7675023392318,62.72448782879534,112.11144519074331,48.448053655255656,91.7925949843545,14.49499038588491,0.8313645124435425,0.7171634435653687,1,0
110,143.21467026439453,37.09650872887306,58.63451573562863,97.27996835996109,179.92035690307324,111.33814067436292,64.45779100567788,70.2654784077099,55.44898808183209,83.1472700486772,18.743301443151527,0.8290287852287292,0.7053130865097046,1,0
111,158.8167752346111,43.61097313118457,76.49321279144262,90.85406886506644,165.88320421299815,104.45251526819173,66.13990200751488,62.11614163266581,57.64606097180356,69.24860307320746,22.346040419412724,0.8271500468254089,0.7213102579116821,1,0
112,169.7256754847262,62.573515786920964,128.72174072669202,81.50205341335234,155.1783268135229,105.46246833116562,64.75308192383623,62.100604300572954,58.08936413304309,45.78346323843974,22.993366431292163,0.8193678855895996,0.7523307800292969,1,0
113,166.60492917828935,94.8065443563776,137.006703418121,91.1890303521219,152.818682456702,113.22860688439727,70.06397004047922,59.09761172407473,65.60542732442559,17.749215269280224,25.029038959416937,0.7988196611404419,0.7712024450302124,1,0
114,156.05980355103597,128.72606465396356,143.55545026199837,108.91940801992465,154.10500199247554,116.52353034504306,65.17345851010215,56.987885116530244,74.98982290406201,11.161503635611432,25.154628447573508,0.7681574821472168,0.7823721170425415,0,0
115,140.5672945046987,148.31343589551926,153.21032020518862,117.56056060415757,159.36039617333603,122.38731969754504,68.57384355541198,61.27018886292434,84.6007113924696,24.507487099087573,24.528402070504324,0.735033392906189,0.7942468523979187,0,1
116,124.9459398712243,151.4709128634261,148.76591820637603,113.85559340926926,165.18589928509513,129.36985804989462,70.93751795067399,68.13496527192176,93.5931937931272,19.41079642423971,23.725032949446565,0.7073692679405212,0.8078548312187195,0,1
117,107.89771667313784,139.70438960517254,145.429627928499,101.59168687695714,174.59098797095808,136.17427332611263,86.6958229246158,75.0608095642475,100.39480745159358,0.7130597699649608,22.88351209568948,0.6959863901138306,0.8242174983024597,0,1
118,76.28136285086269,144.77026742858183,147.73244222854106,97.47787636662812,153.28126053672207,135.92344678777977,83.39102590043015,78.47633107750465,99.54150491791609,3.520534601096991,22.541607232056727,0.698472797870636,0.8265655636787415,0,1
119,55.8864736235158,131.24386862400047,143.82051471112126,75.4796975465758,133.468287384008,146.690771399032,80.54578368291403,75.18966559079718,99.58682221535052,31.379908141331743,22.005008454858316,0.7002727389335632,0.8285952806472778,0,1
120,40.098717779760705,146.5825129382896,137.93440813647885,69.26147152164484,110.64529203320768,170.00005261035608,70.03616625710576,80.25437844248037,90.32686468999168,42.610588545839796,19.780290436544696,0.716899573802948,0.8321731686592102,0,1
121,42.2538961580952,167.07383939141,97.15041440949727,76.70526826873723,103.29503569882681,164.83382193693475,64.1699035450832,83.22986144093026,75.95305347319126,50.209449380374686,14.911913932459626,0.7387179136276245,0.8189135789871216,0,1
122,58.56671762783539,174.09727857066687,85.88853988524836,115.83902599177095,103.79012076882667,157.61180626135607,60.01195834711041,83.4614796673647,56.682306764154724,52.34629851673828,11.458903623163478,0.7628577351570129,0.8160463571548462,0,1
123,85.2246623551376,162.03537416821783,82.13531197742186,131.24527794502077,108.08118307150976,152.78327069016916,51.97563042781601,74.78878382220641,30.86885800250883,66.86681191362072,8.012337286136708,0.7886130809783936,0.7736469507217407,0,0
124,122.14454813567082,147.72032273441647,98.9145220675943,138.9437694279029,117.05449775330979,153.59968245978945,51.335527759397955,77.63343415058785,0.941257198981555,77.06969755177707,6.031307581342569,0.803760826587677,0.7426334023475647,1,0
125,142.56592209912176,135.66552371016385,110.24914853578468,157.03852737706364,121.50872354232598,152.06745879810293,52.598836691837626,76.26165784708871,15.304039076636045,86.05252324895375,5.753159480159708,0.8091611862182617,0.7112862467765808,1,0
126,129.60434116105102,118.00063145690568,97.04501432848156,149.81508839517355,119.690142888906,155.229336027568,45.45427004169448,85.15577036903092,0.8800697589836829,95.72224841057184,9.0341285131616,0.82007896900177,0.6898387670516968,1,0
127,128.54955448194056,96.63800029003892,93.49915126761225,149.72078557271018,124.34945525659322,171.93624942038682,44.617325710456576,52.41269519397863,8.739350657076576,99.68660026032538,12.939449882423894,0.824395477771759,0.6816518902778625,1,0
128,116.46741993219916,70.07400847366382,73.25825976728761,83.48333426979845,130.65721381514138,151.72858611065675,59.09147582186129,34.20923272956301,31.27559115634938,90.4385481545973,17.08579727340715,0.822840690612793,0.7135985493659973,1,0
129,118.74531798681409,57.93730347494052,59.38609611793186,120.41029172047305,147.59552071596354,147.48186415490807,61.851111388431775,73.58017873792814,48.15799938528283,99.71082352757838,19.30779665613339,0.8263185620307922,0.6890497207641602,1,0
130,142.97027893200712,32.731441983454204,62.07030064751813,99.07246999193931,172.85049703502364,106.87118236668451,70.6896955456048,90.16265619093403,53.4686539261959,82.93198034042962,23.588435823179335,0.8224020004272461,0.7046557068824768,1,0
131,159.3505848503347,38.595751314753805,76.71792082360517,99.01803287496057,168.77614465448374,106.00545588900901,69.78778339768702,77.63067352831257,56.56630568519972,69.74269160953133,24.693035190018236,0.8160065412521362,0.7139747738838196,1,0
132,169.55591818458362,58.57914014915666,125.55827635343083,83.53480043026529,158.01005689445205,110.310602382827,62.85307719504323,69.03087714089754,57.45171756203425,49.84449932427325,25.017692641069907,0.8111304044723511,0.7375738620758057,1,0
133,161.5045900137358,93.99779290005516,138.3277105932174,91.73162856730129,154.0485345676166,114.80517641114754,53.10173325100235,58.600110761668866,69.03484401968286,18.56342299778376,24.587968601035247,0.7795315384864807,0.7626076936721802,0,0
134,152.11555825184027,127.72720403582595,141.94922432424266,106.70815994120096,154.05000600466104,119.42643034677393,59.25075489296693,54.1324662373537,77.71081001179705,9.453318334194732,23.87637426829837,0.7537151575088501,0.7774399518966675,0,0
135,138.12875428997918,150.74456578767018,148.00651942871747,118.00009007967054,158.65983985281156,125.23950542342938,66.15176909046524,62.83120391254626,86.7544961384079,25.95816403105691,23.54309028119862,0.7211453318595886,0.7878700494766235,0,1
136,125.08996304638114,158.0442786442165,151.52628167951622,116.42599151905657,161.90907970161368,134.44203100217717,74.38994871950656,74.24764654333234,94.79355697921478,23.113110658794213,21.792599727209602,0.6990424990653992,0.8019843101501465,0,1
137,107.43937515245068,152.75903151859677,124.65411466186362,109.25358377132157,171.44367159500328,138.45649419610055,95.2464030774347,74.66633462745588,99.66495388662909,11.619178658114418,18.548000634083127,0.6900538802146912,0.8200010061264038,0,1
138,72.26809522976885,168.55674078150494,152.79197780110118,156.1872939476503,157.24339485320803,148.97447322466843,92.46851612966901,93.89693348972212,102.11423890807595,34.46577235336476,17.138939284636756,0.6881507635116577,0.8227151036262512,0,1
139,54.56718275623041,128.74787751206782,142.16269727076374,75.98371540327528,138.0906527736264,147.7435286867585,90.06846739969244,84.77829344390405,101.53390498682856,30.677550123918635,18.010434969432588,0.692162036895752,0.8225289583206177,0,1
140,36.69494922409629,139.35568746697803,164.56070142490506,60.09078999993448,109.70687225199438,167.11396467338488,81.92762674760473,82.56253085356413,92.08120661402005,43.394549801750514,19.069283586121934,0.7077003717422485,0.8263916969299316,0,1
141,44.16390250360258,160.64506706391708,105.68440639406343,55.175339027768615,105.3312397665906,170.1434034227863,66.14514836670467,80.52572571802672,74.56254750857394,49.81529450396832,13.395210245585941,0.7315174341201782,0.8154476881027222,0,1
142,61.722156759321166,173.75354433601575,95.95557895964328,116.09705315071301,104.43772278008916,154.94635770437628,59.73283413587739,80.81665737542788,53.401877591775936,51.69683796852494,10.686311571007973,0.7587341070175171,0.8012572526931763,0,1
143,90.23396359047638,162.23021895717307,89.57358317500297,132.005369164731,108.85932471129387,153.38939101013653,53.0532084694543,74.26679998974163,26.459966121011487,65.34813920533622,7.834605000193954,0.78126060962677,0.7665066123008728,0,0
144,128.06814498104484,150.89886570309363,104.51834711122783,148.09524062379793,117.59671774345337,153.88046307747985,50.100050487763816,73.48714110978425,4.475451375896494,75.87683899038315,5.995975861694952,0.7941896319389343,0.7382559180259705,0,0
145,149.9987322143204,136.1975224032269,116.11806103086766,150.241348541187,122.66423675278321,157.6435886433396,52.51127608777663,68.77751622351751,21.798769347710675,85.17796052957323,5.535726113826509,0.8010749816894531,0.7089769840240479,1,0
146,149.1973729410258,118.81398131906651,111.66992916842149,153.33702955424002,126.05537380137619,163.09288787119903,51.61612839629701,67.90106303743028,17.154270439164453,95.70289358211153,5.987728700485179,0.8096665143966675,0.6864178776741028,1,0
147,137.79114857525778,106.89298502437059,102.44486527893629,150.7919541982161,126.98333039276503,159.0937517283521,49.1398504674173,77.77316628452893,2.309598837856783,104.03921702676362,8.498219344635993,0.8182233572006226,0.6756278276443481,1,0
148,124.96114224769903,80.72481701886845,83.58447291428294,147.33013756892458,130.9154241849998,176.5864633733705,66.224760930038,73.20311595213184,18.18723712032334,102.75990725346114,12.23295518302254,0.8202587366104126,0.6759087443351746,1,0
149,112.41674155778605,60.39008241410674,62.964003071782145,140.21533770809492,138.529609645808,153.31966411485215,68.82561450230435,73.21088281994473,42.74929225269452,103.06788529520516,16.63642416467257,0.8203486204147339,0.677679181098938,1,0
150,129.53047163947355,37.87293329663035,59.23668531112163,98.95763833469319,163.2618970397454,119.37881955731689,75.4437934622569,64.75902610489139,52.735845690825975,91.06280110772579,19.00442029055415,0.8192394971847534,0.6945997476577759,1,0
151,156.52255091671873,30.905140375173847,66.51184440901801,116.63772987379939,170.08459069769063,104.99915601741891,78.63336719585963,65.4822452353741,55.794944762916465,79.47198510653934,22.40208637732584,0.8140966296195984,0.7009682655334473,1,0
152,168.36678534728915,48.4833612533702,107.79341858606021,94.79895056542786,160.87995912254974,112.96150778090995,77.46224245343801,65.15405949166816,55.10347298693294,62.55061084219,24.350217456771865,0.808697521686554,0.7221855521202087,1,0
153,162.99725291594044,74.46633786680381,135.32195835362117,80.79337843106717,157.52133323016994,119.54722038888181,49.991762795015326,89.16146901012344,63.57430473664421,37.54753220489362,24.092890882754602,0.7804428339004517,0.746832013130188,0,0
154,154.4738787838316,112.21242849988646,136.7298941509283,98.67441435511027,157.40085755201582,123.41284097563583,46.824129983238656,79.47325756356312,73.80596834105397,4.795480373893346,25.68070467690132,0.7552474737167358,0.76371169090271,0,0
155,142.6608214511092,140.85732472185524,147.97464619564272,113.99104020541935,158.57922229961912,126.997824479927,50.12493733800954,64.55722824045887,82.66514476513369,18.379060886736177,23.90518851586204,0.7284002304077148,0.7741811275482178,0,0
156,130.47744580612397,153.04185019318243,151.00333209471682,115.17420336589957,162.0719737360486,137.55699660486778,69.23605306248977,70.58085546305713,89.69352688942816,21.807194742414897,22.24294643160073,0.7051676511764526,0.7849083542823792,0,0
157,110.1902305350328,150.78129559629392,146.0448446844896,110.09857034922288,171.42028915481984,140.5601130170283,77.64967907308686,101.58086022823916,98.4049538012822,11.140343998502114,20.015473491134845,0.6911767721176147,0.800280749797821,0,1
158,76.61145656463705,134.62052208004434,150.5853882958171,96.60277641966688,159.75773261707067,143.08368735852713,87.85854014826423,101.86581014522577,99.43111620246897,8.870852395731445,16.2848401500354,0.687348484992981,0.802198052406311,0,1
159,54.79921774499227,127.83492710667026,146.58254238423294,78.29131342576072,138.27062390780915,147.0098655719822,96.23795897029224,105.61300921155315,100.29797663526134,28.42260076705947,16.826570472444462,0.6873458623886108,0.80176842212677,0,1
160,39.4196575915297,133.78719741781674,145.38849944512424,71.30161608991617,114.30147146047554,161.7264934442281,95.05624283589502,88.92117549239693,92.25239312879518,42.237664436298246,17.37057925984934,0.6982728242874146,0.7975125312805176,0,1
161,35.64962059678548,159.393184004802,96.19562206962526,64.12426579502723,102.9660393718635,170.17802301315618,72.08886580456625,107.53334863986498,82.12149956344537,49.89446372201977,14.805080788367388,0.7072343230247498,0.7934567332267761,0,1
162,52.13561943934192,168.79382739667614,96.38724856009854,96.74481860379886,106.86827961204682,160.6769906165209,61.863807857283106,91.40510889844893,62.68788910353777,51.83364765437312,7.955228930832906,0.7280333638191223,0.7799252271652222,0,0
163,76.33360799726994,165.79129791753692,83.46285779732486,133.92825624585933,106.22213057843469,150.85478737070585,55.22392002489019,83.42895187692199,37.294647899550206,62.26679912286325,7.406125318385492,0.7538236379623413,0.7550257444381714,0,0
164,113.15420349034753,155.08410245994853,97.91036476982921,146.47368515853267,114.39204387201089,151.9754062727915,51.9706482217094,78.32742468858318,4.484793391770096,73.29427004040045,3.2469530101067337,0.7694841623306274,0.7266514301300049,0,0
165,144.891545376867,137.81343390700573,116.60146522115424,157.60721371808003,119.80203528945914,156.58007873864324,51.04763073897331,83.23797167369909,21.142787753975597,84.58561370072478,3.9467223334322203,0.7755063772201538,0.6966198682785034,0,0
166,154.94661593381133,126.84375755056068,119.59583923268643,155.9920557121767,125.40415115421071,157.09818440322863,53.49718099321996,85.27250415290582,24.927771350063257,92.90975640537536,4.614693429537408,0.7804898023605347,0.671817421913147,0,0
167,141.58344244594156,114.97637186468155,102.81114365503683,154.59529305533903,130.05089673014163,159.47492415014486,47.049097799251065,78.97636343471244,6.281414908883504,100.57865450200865,5.251130806916481,0.7958005666732788,0.6643933653831482,0,0
168,150.51558603818054,89.15068713605228,119.34572232785078,151.4448854154826,137.15157988988852,178.65924996484304,57.74296001335894,100.46613250237539,6.330993546514229,102.8458584511974,7.033012601777859,0.7920485734939575,0.6564313173294067,0,0
169,119.45226908602005,58.19818126912948,71.98003364400941,93.414256237106,142.08557425595723,149.05205464487128,69.37625190803527,90.7968595276654,35.78011079524913,102.81857028386634,13.146805625311961,0.7907930016517639,0.6566518545150757,0,0
170,121.63433528551741,54.81348320315239,60.372097690669975,107.2593562325114,155.09608966306234,138.77684295186728,67.2461810124722,94.12757560550922,51.892587719591376,96.46244757679581,18.43083334204643,0.7872814536094666,0.676638126373291,0,0
171,149.24799844630988,31.831580016619046,60.999979547798524,127.18134019959439,178.85482676039996,104.98433925157498,63.97723577777741,86.02082837969515,55.26018287348445,81.76426717836819,23.363008080194707,0.7846704125404358,0.6814981698989868,0,0
172,162.71258882373897,44.52343918584508,89.62848087539632,83.49511342674778,166.51323764345017,106.03352048966025,65.09308713498535,81.79721530088447,56.626079928130686,66.82582563691042,25.851906395319837,0.7783320546150208,0.6964713931083679,0,0
173,167.8379330666995,70.50205978320507,130.08184609588412,82.10817533466657,156.46321265022385,112.24788246748619,59.31024927158355,82.5382032725452,60.512756962455015,42.15796577474293,24.813902679378366,0.7625480890274048,0.7229948043823242,0,0
174,161.63561785829222,107.26374876536475,134.37651262557713,96.7435144732181,153.66378671949542,112.45404938955684,50.12136222694086,69.96171160737492,70.16540766633257,7.643683673213321,25.464812244120186,0.7408429384231567,0.7422869801521301,0,0
175,151.51896254466118,139.31348659830024,144.89451094820234,113.59238825614153,152.62975455717194,115.4849157813497,69.38391267351905,71.61531331061255,78.95632580988016,19.229992467781702,23.105042911713213,0.7187830209732056,0.7524067759513855,0,0
176,136.65978747610274,154.3106971133323,150.5911467979211,119.28590016799912,160.22933409201104,125.24035157287518,73.47654075233058,67.67731780120904,87.30834884615737,25.64359189702673,24.197470414271134,0.693805456161499,0.7614997625350952,0,0
177,122.83819151044649,150.93993114493142,147.44883718729722,111.41000767490169,162.4384237579491,130.40951390340962,74.38245195131653,86.49985121059781,97.88141322358385,15.677010394829185,23.158028491979422,0.6765671372413635,0.7749257683753967,0,0
178,101.81794854870107,133.92228338963133,134.36563307618025,100.55130886380299,178.80158696049475,133.75193553075917,81.06180972658896,94.20601706504901,101.29020903978171,5.299397028713657,21.909744548977464,0.6716244220733643,0.7816253900527954,0,0
179,70.76303169361375,136.32601089357576,153.26889344338454,80.75012988940307,150.66857248927266,148.3416310995757,85.72944423073537,115.83399115292931,100.51073486654177,20.83147770968745,20.60519407088285,0.6752153635025024,0.7870327234268188,0,1
180,50.373959720009175,132.87974638723284,141.15084186100665,69.47691014724795,125.94249367483998,158.98400140461047,94.03082651885931,100.86234841512986,95.12054509095077,40.37522366028623,19.552011136119923,0.682587206363678,0.7840297222137451,0,0
181,37.90745335355028,154.31345732725632,118.58305729463662,69.24302341741662,106.27897352783963,178.97199592797165,71.62355841317029,90.2942338168824,84.28383657668088,46.67723530054473,15.91231640239152,0.6932947039604187,0.7799347043037415,0,0
182,48.19867843514054,161.81175451192084,94.05336534158545,83.07641771224559,110.07953116477093,167.21159152325762,62.76324615584978,79.5770991341813,68.52282504761587,52.748464108160846,6.6419723179854655,0.7107836604118347,0.7764092683792114,0,0
183,70.5680184955192,167.98511903500614,90.37241695314057,129.6551087401385,111.78044290211398,157.6881804883103,55.318866808850025,77.78077556879623,44.991963271552805,58.008938258301846,3.779538864958043,0.7301536202430725,0.7453738451004028,0,0
184,108.73564837644027,158.89610982163552,98.754478831486,130.07850010969563,115.71503602603774,151.83547187682376,50.2222130256903,71.43644913225452,9.601043344406975,70.81883898838353,2.6216556948094656,0.7487338185310364,0.7154160737991333,0,0
185,145.73797362773922,145.0906545303375,118.7277469826787,145.72797065660325,122.35790289983339,155.68840489634593,49.19881799568676,76.8386548993927,20.925090947068323,80.04679684163453,2.4549797808373373,0.7575425505638123,0.6922255158424377,0,0
186,157.38149547746062,133.33470556544518,123.71446194660055,155.1748179038469,124.20222212534489,156.09066092558322,51.521383868669005,87.03745555362961,29.714347071625294,88.45319436443289,3.464926280490417,0.7629102468490601,0.6683428287506104,0,0
187,149.89468741645499,115.6543027654539,112.14195261402482,156.39093407920583,129.27299078440515,162.15093414414977,54.98333010941316,85.4024672345899,16.962039511433154,97.30421585378787,3.65965712061674,0.7737556099891663,0.6518335342407227,0,0
188,140.8495597773001,99.7569038582513,106.6094923317414,149.3029541197879,134.01074793521627,166.97529884920297,45.44155364297498,76.91465081243007,1.1440134424559976,100.1421862466627,5.6947983996279055,0.7784964442253113,0.6468231678009033,0,0
189,120.88084217778307,74.25449756592911,76.40518142397376,45.95196876285757,137.25827455927043,157.20454882808716,65.13248902807035,78.69828193120318,27.04136772703306,89.20637641152999,10.66393534554566,0.7781211733818054,0.6824080944061279,0,0
190,54.63643900621108,117.32642263500469,137.71739551488724,62.35398287531591,145.700283593139,154.0110565908548,70.9688055962209,104.88306662387384,102.75704859662633,44.69206779483672,11.693204009698395,0.6576358675956726,0.7720031142234802,0,0
191,138.1770454377194,37.960754012346555,62.26999284455326,98.36242441690798,174.2227642924466,111.4823347643073,61.700710539882145,77.09011308146671,57.0084940433344,79.14038470115793,20.96277518860719,0.760563850402832,0.6829591989517212,0,0
192,155.51724281612212,40.44893379425672,73.9208492162607,101.50616657368082,167.92165692442154,105.86933205248906,57.14020569893873,75.61873836201885,58.496126276803636,68.72359397591107,21.935026017347266,0.7623263001441956,0.6811818480491638,0,0
193,167.5672026749063,58.790045373482464,114.35366068887592,88.96116810104272,158.75284493757692,113.52525789650511,56.55801931701457,84.48402570218944,56.69645420814707,51.639995780390834,23.01650182063025,0.7574597597122192,0.6942962408065796,0,0
194,165.62876345763132,93.9279437018184,128.38995125216272,95.21896096862432,151.90210265346022,117.97337488853752,52.44876450658385,63.309135826865095,64.94218661191015,18.779663780453316,22.473052723001665,0.7386530041694641,0.7220855355262756,0,0
195,154.5443681668261,134.1592672517335,142.3180756246679,114.34098934199255,154.22141752959124,123.4923483814123,50.78739203390477,57.15897975123003,75.54609706170977,15.04333061431441,24.311882758127172,0.7135446667671204,0.7362829446792603,0,0
196,140.68192785678576,149.91562889565586,147.75507755231015,120.61089728978511,156.64910892183582,123.44823981146513,53.79200869958433,59.710356311568205,85.7318841449954,27.628898391992706,23.062920923616996,0.6838291883468628,0.7465969920158386,0,0
197,121.54906394855041,156.15897555348343,153.51539726795272,116.56787612863616,168.10140373988008,134.0942300892322,63.83699620607056,69.29197852999299,94.71697465175899,23.83422705907935,24.3674423401895,0.6659731864929199,0.7609856128692627,0,0
198,104.54966960028491,143.91119855783197,149.70276899824125,110.18176035870415,177.30147141317326,134.9038890763404,73.77016944738725,85.40349065844327,101.3581684852804,7.889803510070936,23.20930949873867,0.6563308238983154,0.7747518420219421,0,0
199,153.6837208627992,78.90017390468333,97.86644166371033,146.80256332341733,142.80026497826526,166.11362440736679,87.3340515067756,98.37212007679044,7.5842874732523775,95.93890677945635,18.46774335778631,0.7781086564064026,0.6637274026870728,0,0
200,50.79180084480722,122.51089819339248,147.2748098078563,153.19014639334958,131.08708485912095,146.4562110696402,102.68864726600474,111.8446629841529,101.01833275517191,39.025479708470044,20.723048740858207,0.6738823652267456,0.780173659324646,0,0
201,48.61080504530732,139.04741945198444,138.13011376926553,75.42245624403957,127.00759873870037,163.45625005196507,78.34386856827945,109.55503180592252,96.30999580844079,41.34943885880071,17.91320211504773,0.6817108988761902,0.7905247211456299,0,1
202,34.26461807363841,164.44718661809563,100.33014993541933,72.82779399920994,108.47581858293773,166.24218361447987,63.05845378139127,100.21061723868594,85.47970402239228,46.043794872345046,11.26850351309298,0.6865443587303162,0.7863495945930481,0,0
203,46.69051835951656,166.03968365579868,91.16446233567187,93.00761874049911,106.49501308733792,156.3546201976547,57.598579299658155,90.51350991038711,66.12179433403044,55.36228313158047,6.317299606209098,0.7174440622329712,0.7729078531265259,0,0
204,79.75267163181405,164.20876474858713,83.24540516130202,113.14936120924922,113.05770439950723,154.32501680080415,49.76160349818579,76.52473529807736,35.44954969170906,62.71239805740742,2.1445169240159605,0.7507068514823914,0.7557851672172546,0,0
205,116.59142147293731,150.76119572225417,101.80273589923536,136.9499733552228,119.349140770176,154.30842177499332,47.24040209881226,70.46772673811577,2.48272689972144,75.3857016610906,0.2749923975172607,0.7677509784698486,0.7246454954147339,0,0
206,147.28887149819624,136.01918386547567,116.60443826377146,148.92994663972246,122.19722270727668,152.71187599194505,47.21484770034599,88.02708085338709,21.616067812096684,85.31521702396034,3.475580978822834,0.7800248265266418,0.6932716965675354,0,0
207,152.45383284463756,124.432084918664,116.54940104430754,154.77710673667923,125.66901501519368,156.71916185283595,48.639616327183255,86.66613846957908,22.128027971407917,91.77320613976838,4.6567898580359754,0.7870731353759766,0.6804314255714417,0,0
208,135.4381752799312,112.16470287971475,104.10997347816988,150.76695492710726,127.70775011304801,155.45368787604679,46.343625532037144,71.07144933844889,3.2625459171257822,100.83842245411032,4.467879249757363,0.7988683581352234,0.6660729646682739,1,0
209,135.02820646788817,84.26984634551653,90.55694861326428,143.4193051861124,141.08821094640268,176.79523005601806,48.762936072745596,76.036380222931,11.204446573911197,100.24418185837385,5.14444209539673,0.804347813129425,0.6652683019638062,1,0
210,113.25821440427055,77.75614230506191,68.8245414840984,76.46065744399641,141.12672375703679,150.68756488079939,66.6847545976009,71.17910008767602,38.894672769511786,80.63763435704404,11.026163416745545,0.8046727180480957,0.7241418957710266,1,0
211,121.4171457298854,35.65136633977663,58.450439501163686,96.03549499634835,157.933564365515,115.59115566176165,74.67428710819134,89.97143040340585,52.044868628382716,88.55392747822091,15.52844999275312,0.805700421333313,0.6920902132987976,1,0
212,151.27424249699314,32.44893200310793,67.56855958983157,118.70678349345432,174.51798395094065,104.82771092747949,69.79188169716555,73.15463023340347,53.788343217694305,79.21399762648568,19.580569665628037,0.8016091585159302,0.6960342526435852,1,0
213,165.83385895666072,45.2026014651583,90.32339514739117,91.67064307735421,158.23188681675484,102.9724921224539,60.60995806771114,62.10481775929426,55.949100833063284,62.21911911978687,20.01484660647884,0.7976033687591553,0.7160319089889526,1,0
214,167.5488622574451,76.5379268468003,133.33657742953247,90.33093732159789,154.5777348164531,107.23419675757906,54.329083602543186,59.69743075502419,60.01605521645686,31.326477296704624,22.142652290355073,0.7921068668365479,0.7468408346176147,0,0
215,155.07332662252722,112.21394209639945,131.4760918632409,101.70934834039882,155.14644510145823,114.24640647380667,54.60034502663474,58.26709826989138,72.73331881751619,1.027082788245063,22.95309054150162,0.7603282332420349,0.7653003931045532,0,0
216,142.4604804515487,140.92051403433194,146.11613750228918,116.60683021655049,158.72292452006744,120.2989581483113,56.08346424824337,56.511138888658294,81.29695102511516,21.476878695027263,22.480355996731287,0.7352637052536011,0.7788458466529846,0,0
217,129.33363512680683,156.20657233514362,152.4177749851494,117.62716087142567,164.53345252432962,130.2971703082222,63.41864024630414,60.52028869063448,89.57340859088204,26.633005460858435,23.440496242018508,0.71108478307724,0.7952578067779541,0,1
218,118.83514868258943,152.51259205760803,153.2977955576938,116.24287713706896,165.27185806875968,134.50976439647002,71.72300092457711,59.732844291020335,98.62512932870779,18.20189736175801,22.7321360800569,0.6967722177505493,0.8067933917045593,0,1
219,133.73321856326956,100.43112635440374,68.16398142216828,86.11487160269517,163.7110469239519,156.02674913864612,77.57291224185573,63.091054566479116,49.95097443100143,58.37623712248278,19.973146070319093,0.7797101140022278,0.7842756509780884,0,0
220,54.20063570414943,122.56004324690623,153.49615464826107,73.44684840397811,133.85034897613417,142.505195924345,88.05342463501194,80.00433956752399,98.82098375974256,34.143930603266746,19.171270487757827,0.7049520015716553,0.8238614797592163,0,1
221,42.37793407824753,133.09904188439273,144.9396273433279,72.76511077869046,121.56978399960106,152.61672282881264,84.42019171869542,80.54942279410638,97.39373671472728,36.1080837171754,18.20188679337377,0.7017345428466797,0.8273221254348755,0,1
222,33.75956514827325,161.46965459642968,141.31831276414246,72.43868411836053,105.34838677301002,178.53125736590096,60.292581067411824,90.41832569689198,86.37331808002232,40.46706926790992,14.784496455285538,0.718151330947876,0.8224803805351257,0,1
223,43.82887549617295,139.3503743158799,98.8914351861764,80.62422144034795,104.81585879052425,174.33838971017838,58.82298959322285,73.76046137165812,71.11270809012285,58.85740192498954,10.125724795771578,0.7377945780754089,0.8116257786750793,0,1
224,64.08866842345505,170.87579604523856,92.03284122260565,130.61344819020243,104.05042490748062,156.26583024220943,51.15772655352164,85.11032851819375,48.509062352967874,54.33601186569372,8.547305868942287,0.7640377283096313,0.7965133786201477,0,1
225,98.01737329827847,159.07783256135863,95.54390622184418,127.54868075415679,110.90300755391613,152.35454974838183,46.3590034136564,83.37973470003269,18.17026202988643,68.5854359829354,5.284627774248796,0.7845300436019897,0.7588790655136108,0,0
226,134.0480480827333,147.33169893907908,113.09593605043595,147.14890925381633,117.42803168744241,152.94255611904498,46.88141621563071,81.73661693658188,13.005346405411169,78.50592768422099,3.614669989879721,0.7971212863922119,0.7296536564826965,1,0
227,152.1529619771007,135.69373746366776,120.35562353084508,151.60551945454012,122.5907933594834,153.29021427306088,48.755984922077026,83.27982657616386,25.6453169961352,87.18095435673705,3.9168516214821327,0.8059831857681274,0.699103593826294,1,0
228,145.64564769933156,122.04921736438925,112.07811817221793,157.90931118457414,127.3547403862066,156.61629328838742,48.255629294130124,87.74125165876468,15.66883941577014,95.17942578208229,2.6220678973548015,0.8120357394218445,0.681937575340271,1,0
229,136.1754335198326,107.85254793293835,103.43572359371213,157.41532785763124,134.3265423690247,158.49635827684708,49.77039167231155,9.972727003611475,1.1377467110242223,99.74713670345888,2.986637861832314,0.8215020895004272,0.6728998422622681,1,0
230,125.59002731416253,74.45830474382065,80.8232468082018,156.09165857818704,144.745654916305,168.66567194072067,63.9597874474452,27.731027473369995,22.95373326681732,102.3695004070065,3.798105664674874,0.8208872079849243,0.6729902029037476,1,0
231,110.23057477502843,81.59825289253367,61.54394647437368,89.6239665268387,147.19161842806437,157.29063133618286,68.34320217353984,25.253698607686943,46.42467209060921,87.45792077012133,9.463628437573256,0.8198108673095703,0.7242284417152405,1,0
232,135.88665206903516,32.22808969124815,58.798347479553954,91.80718605366415,168.40545032108497,109.36362647282269,61.57641385069598,63.13020882399638,53.11298386795537,87.1847788379665,20.594185615905552,0.8173443078994751,0.7014147043228149,1,0
233,122.6654001601405,71.74670966214163,64.71074364890356,43.61514255990309,162.25902399446818,127.83028668395553,52.05378009546734,66.99746056903817,60.85385798056472,66.57082681649948,21.26023414623702,0.8109237551689148,0.7458813786506653,1,0
234,175.76531605533987,57.54080412670181,108.94719080750207,85.74081099151132,153.48988054009828,108.86408191749048,67.7885323936233,61.23971234043939,53.149789589688794,53.715719938660975,22.404986185126912,0.8087263107299805,0.7421855330467224,1,0
235,170.55581758045267,84.20363341138257,130.61015567010838,88.47559762985416,147.07293741993703,111.82141330731564,58.98828658822621,63.68074822490986,62.41334824304728,27.275027493081303,20.04210324343696,0.784615695476532,0.7596936225891113,0,0
236,159.23711679290557,120.33016250954354,141.96366170616335,106.09818465677819,147.85686375332733,118.31247002861869,73.3027688691988,59.0753432635171,73.80747315357057,3.8557258301810102,20.90145369980346,0.7542040944099426,0.7715442776679993,0,0
237,145.47004297647138,143.06499260428993,146.75860986796008,117.1209066583018,152.03932409701065,122.40394713266775,60.9519936940329,65.08393558255497,83.17920796602367,21.85591749689363,20.688575039505675,0.7250878214836121,0.7844821214675903,0,0
238,126.46984655497475,152.07565309525128,148.68604424459403,115.10225948792784,160.14130481782726,134.85615867821733,60.49490723799192,75.17513080771337,93.62903902369857,20.918683058346655,20.240190396500594,0.6981004476547241,0.7987232208251953,0,1
239,116.5124911806334,143.95547898470593,152.69858964637854,109.40230292489721,163.68380332602047,137.80034187906767,78.55665278827571,84.0210822285577,100.21916227585665,8.11062973043155,20.415456782510464,0.6915834546089172,0.8124825358390808,0,1
240,86.6896439968139,141.00883616882098,93.6938022896551,108.61827912141874,167.85588440026763,140.16895595110861,78.9460890164822,102.58921514867514,100.25315710730398,2.5603950138000453,19.086916703850257,0.6963802576065063,0.8141525983810425,0,1
241,56.77254880870655,138.15472719032107,150.18967092002427,84.97736660698376,140.4519316111733,146.50693915542547,85.39682223857199,95.92780634624019,101.92102267203043,23.220156997481887,18.24163986956367,0.691240668296814,0.8213203549385071,0,1
242,40.63623826528752,135.05221883868984,142.76677671538033,64.81797770346249,121.17711473354397,161.53571194749622,68.49060447162091,102.41666409494125,96.16408031459578,44.22927977057314,15.623203846339333,0.6971617341041565,0.8204529881477356,0,1
243,34.977498243760984,157.49941518409838,103.12120180729653,70.52381135061259,107.01571960599908,172.6736264275264,65.97172840698245,91.48579898680099,85.36388848070516,48.62358908948216,13.325667118467056,0.7104854583740234,0.8136602640151978,0,1
244,50.840735847957426,168.47482683008994,94.85329337896134,91.45550939022225,110.82173204055205,160.03895205167652,58.20779181989167,74.39236196683288,64.35693858017231,52.79167846585965,4.375942387577621,0.7447439432144165,0.802168071269989,0,1
245,76.83739569349397,168.37178758972968,86.79991726820705,130.5560135589089,113.53633978064364,151.34241122391933,52.23062866223257,70.30926331355319,37.69653664631741,61.60171092396823,0.9975925591674109,0.7736912369728088,0.7708935141563416,0,0
246,112.99818355197007,154.95375008389172,100.17344068217432,134.25432297331113,119.09954979052324,152.68133856318664,49.51060939204748,72.16843699252274,6.311093550366227,73.75895671039538,0.20972731181296458,0.7939194440841675,0.7431354522705078,0,0
247,136.09047932337688,141.36656484432936,110.65446116578444,149.06017205579496,121.44345371291351,155.4518401844592,50.848279296131864,73.29966158683827,14.70691982625174,83.56707504219476,0.05989421578435427,0.8075952529907227,0.7126211524009705,1,0
248,148.31423109868334,127.4774517459259,114.61999349189357,152.8046153159743,130.97079907590128,158.28995718934806,55.780043328529224,81.43388848322451,19.821754309802945,92.43094654487139,2.478322287020726,0.813239574432373,0.692550539970398,1,0
249,139.66072669516663,116.00758203357924,108.53824833890855,156.60783946577502,134.9100730495238,161.01014039908404,56.4057227398352,86.8749535011207,7.003795093261529,99.65260325210355,2.2531414476185776,0.823035717010498,0.6825467944145203,1,0
250,149.44048322952392,94.42760188107911,124.50255307721248,154.71398397273384,139.42054320401144,175.01483702310665,54.5607157011492,82.63357196614862,7.210080087057949,102.08817570798382,2.8098599384545886,0.8244521021842957,0.6772936582565308,1,0
251,110.81291325858805,66.34778073670243,71.57290111398102,110.01852495078101,139.92385363495484,149.21835686786798,68.91746076145863,103.46352613838971,37.04942587254571,94.60689307908568,7.938485496178959,0.825145423412323,0.703495979309082,1,0
252,113.2177427827784,29.477878657585443,57.95539545458684,118.63657705367652,149.48424611000834,115.8346070996153,72.6127497275248,100.35009051083428,53.00773208125627,94.45823987973849,16.74122875402633,0.8208114504814148,0.6914833188056946,1,0
253,149.03776985603128,26.761739588960385,63.845312306655636,130.3778378870111,177.15193555002665,100.47651869776163,69.24630818230074,70.39149412093981,54.567992885208355,82.9707528226957,20.757698291266507,0.8146334886550903,0.6986109018325806,1,0
254,164.67533795425337,42.045338759146,84.76826803419695,91.14872998099854,161.8306057285678,98.99481498164164,67.34291279904696,66.09791035921009,55.81070499896257,65.80522934589972,22.316648681783768,0.8122029304504395,0.7198785543441772,1,0
255,170.76821527184882,68.18874298288912,130.2095761399377,85.31951284697861,150.4236299708468,103.92952673547411,62.37391627199679,59.8002367173367,59.55103205293651,39.4198123777998,20.74287729563211,0.7969736456871033,0.7496911883354187,1,0
256,157.89581409782542,106.40735506773943,139.3117809793467,100.02517209399899,150.76254644794042,115.77240844006259,66.6580930754732,53.58150413540114,71.41063974643605,6.732619851167035,20.06900029220189,0.7665355205535889,0.7729974389076233,0,0
257,147.0945949504908,136.81374604605688,146.13059382894176,116.83145718249918,151.28442248425756,119.44440295728536,66.52668587937418,51.664029019544316,80.58821874383453,19.93928719647015,18.967236178582876,0.7401658892631531,0.7867833971977234,0,1
258,133.5527378417297,158.79834641958712,147.5754263561179,123.53399775667079,156.68551440973854,128.84237098975814,70.07936479536396,54.435963682219004,88.4281645911583,29.85600618606139,18.666416842626543,0.7145144939422607,0.7994913458824158,0,1
259,121.6524932670882,153.9966680827057,150.87420520817827,118.99465703258821,160.10858274493327,131.52400328295028,71.57356139054994,66.15990925774177,97.60195373041881,20.780964170243927,19.363029742440272,0.699485182762146,0.8156862258911133,0,1
260,101.09535104425949,139.39416934377343,146.3754588785668,110.3122705243667,171.3705146118587,137.08621675315283,80.3447232571515,92.32847909201371,102.25979984240286,1.0675101024683245,14.72566549852103,0.6949054598808289,0.8229402303695679,0,1
261,67.83859366578736,137.26226449205342,156.33165341976974,89.41235689455515,154.79129359932733,144.9894562952708,88.15323401417933,101.82621656699729,100.15635237658341,13.690540682612415,13.20365244304347,0.7007726430892944,0.8252906799316406,0,1
262,53.44261121220505,139.79158754419333,139.84738358377908,79.31672075316459,141.16766181002475,164.7921301788108,92.1316743770223,99.90584318978877,100.04835552639936,33.52831485661314,12.32330492857968,0.7039477229118347,0.8248478770256042,0,1
263,34.7439703131076,135.22623334366284,126.98413200463767,76.24274511172872,114.71018133409385,173.87340169180214,66.61541482885778,97.77250326526858,91.6184664493455,49.35869958550214,11.65225542835922,0.7092792391777039,0.8220291137695312,0,1
264,51.79950491703929,163.46569563031372,100.72126902479052,72.83954175986223,113.89460286786017,159.27888902653285,63.393031685825335,86.13233832416614,70.56139612037373,50.140994534596906,8.466298169552804,0.7439307570457458,0.8128613233566284,0,1
265,69.91747985747854,166.64610852965302,90.30997198144757,122.69170782129947,118.06661236111223,153.90151330037756,56.07897594210675,79.14016213815191,48.99143079785394,56.40420164055997,0.8422982942202596,0.7695809602737427,0.780819833278656,0,0
266,102.3556066549848,152.00080575993584,98.66038632380085,133.29797092610045,124.47801690553446,153.47157832348685,51.44980664411442,80.79472660090843,19.13283794650491,70.18723922987635,2.9895723040446955,0.7901638746261597,0.7509865164756775,0,0
267,138.71790739095772,141.69847702033732,112.62923500592152,138.68451210667206,129.69622520251573,153.63245340712623,49.64210182814411,86.17105336219197,12.44146376601259,80.60475483447047,3.419781577570593,0.8019644021987915,0.7199963331222534,1,0
268,159.03900238713496,131.13154559357804,122.38897599296541,148.93770747333718,134.90941606476974,154.38230731106842,51.687777790476424,89.48174741380186,28.403978804569935,89.21864352964775,4.274392482204681,0.8070995211601257,0.6917571425437927,1,0
269,166.88003308398982,121.78747815155054,125.01618436365469,155.41762752288696,139.75381743521882,154.69583213603516,54.267967241526044,94.86857059078956,32.41875126545614,95.28344380626523,5.292535616685091,0.8111834526062012,0.6760464310646057,1,0
270,158.0132153188295,111.92479431675153,121.44089879958834,157.80182092823293,142.9134012417612,157.6636912883485,49.630398542228164,110.87287576099995,19.675775797388294,100.15874116905408,4.575961720319977,0.8187233209609985,0.6693801283836365,1,0
271,145.33450096300126,103.86945815453467,113.83979471204833,153.7579346393794,144.63414035743205,155.51944794998244,54.88580872818047,80.7160605898501,2.6031665456321593,103.52458093319294,1.9028059400627657,0.815980076789856,0.6673752069473267,1,0
272,114.9571476541284,93.76587822282127,80.35374809371011,82.51790133913373,143.481946049463,156.0717153401573,68.9317031365428,97.5816811662723,34.62114969511265,67.76340125378792,6.096351299778018,0.8139176368713379,0.757783055305481,1,0
273,74.30631541624209,84.8390128167531,100.38597916400606,107.47932632741305,140.92355187231962,150.58818023851023,76.32186036948544,58.92821221856328,77.8141306541633,71.51392520733944,11.196894198085793,0.7473514080047607,0.753380537033081,0,0
274,145.41244920437344,46.39947926222439,71.6038735727514,119.47728601294929,171.93636317120496,116.68259953487265,71.32210981499173,56.42774287495308,56.21463789947596,71.73424937205428,13.563450275054329,0.7885473966598511,0.7274435758590698,0,0
275,167.88065971055164,54.456865275796474,93.94193412275601,97.81090746144403,156.50692044601635,117.1493477108713,69.74536870245895,61.72958796973728,51.6631757101222,60.38219342885798,16.050755866690167,0.7902148962020874,0.7275766134262085,0,0
276,169.554862371315,76.40627121050066,129.10132020700692,91.73584076101201,152.5513657725004,121.04659885561533,74.29140386219599,68.1367712098135,55.210583742189385,39.0394572687429,17.31681188600477,0.7803468108177185,0.7449584007263184,0,0
277,157.80886101376524,115.50045143000837,128.41270205663383,102.15963663520239,151.83331599847614,130.6151641302681,82.46585690114506,81.55537687081643,66.94019768908943,5.496932461430892,16.58237470133078,0.7575346231460571,0.763405442237854,0,0
278,145.2060953888136,150.40913216594546,133.51379945815958,121.36729886353366,154.06413374222285,138.63906376009234,85.4131813117173,74.18597209890916,77.07640639364034,22.18436914718752,16.346635524676785,0.7303520441055298,0.770035982131958,0,0
279,135.31206464616972,172.3105548943685,140.85985148198725,128.98468391304615,156.30882395597874,144.52267593845525,69.95310225053024,66.88432922237993,84.7024823824031,35.540433059693086,16.323370984551495,0.7088714838027954,0.7804408669471741,0,0
280,123.17284211012257,176.9505799548173,149.976970063059,130.42966449076948,160.95770247487647,149.67488303504314,71.82558904729714,68.99242611810378,91.77452217757377,35.00502191435814,15.905066762572837,0.6906559467315674,0.7892916798591614,0,1
281,109.1406911567452,173.29355171027657,151.99351667721257,128.7083602359202,165.002000057321,152.79350240921687,76.28883739059705,67.22778908203475,98.88146221113146,25.753705026435,13.024153425197703,0.6812556982040405,0.8028901219367981,0,1
282,83.14111224441825,166.6699496307043,151.35775494306236,127.1042705493483,175.10083864585977,153.32495183703276,82.64031700434255,87.32049017160186,101.04301857831152,14.81687437956955,9.08329217686987,0.6827658414840698,0.8138779401779175,0,1
283,67.68665158230314,153.7881537124891,153.91480004847926,100.6075739170428,156.8077236202606,158.37105642732953,78.94200695801771,85.1165329503202,98.43319054394551,10.697555510288293,9.312118505988044,0.6923798322677612,0.8131721615791321,0,1
284,50.99086622549938,146.1069593428445,139.848607912588,79.90671631340723,140.90727796751307,168.12135665153534,70.39016337761694,91.1579737709611,98.7416056305512,32.79176984922674,8.825193888537566,0.6954187154769897,0.8128744959831238,0,1
285,39.44443901859201,148.69517990336595,120.91063855231471,80.76264155592759,124.28697320612866,174.6578077035849,63.928598441873234,93.27937397232141,87.42092794002421,46.40868215587033,2.57839375248756,0.707170307636261,0.8033982515335083,0,1
286,50.38737940182014,169.3607755377887,99.59391276353641,72.7168999865994,121.64232051539223,155.26758057852928,58.7070655567838,94.08529185291496,70.78860550559199,45.63829860730015,0.4663356079804883,0.7331794500350952,0.7995675802230835,0,1
287,71.01362939158521,165.49750738469035,93.95581753379369,121.46226194230984,126.3483942190512,152.711851468744,55.279611564498964,88.89687994512359,50.679101804544345,54.175661240879,4.655663022921617,0.7579129934310913,0.7740663290023804,0,0
288,105.99284730497017,154.1343509758615,98.34801118968618,127.45566976740353,133.4899534833373,150.3659715108989,51.12525412825397,85.99202714256865,20.82610748394101,67.70439216550763,6.670998694426117,0.7790225744247437,0.7436593770980835,0,0
289,140.63456831528367,144.71137373501034,112.44161332829047,136.2770049943258,139.74075912133648,150.36918644504817,50.66678355221483,87.73901192183475,9.498587920331763,77.40706875489404,8.604778726384575,0.791100025177002,0.7196394205093384,0,0
290,162.49734376186274,136.51243335282223,124.28777924955793,142.9141461408457,142.607694834857,147.76279942307156,52.049392003478665,85.97240121331248,27.134883917895042,85.04363788667935,7.245234990889331,0.7959018349647522,0.6987384557723999,0,0
291,167.9787076040588,125.38540313142266,125.5439315334081,142.70936022538908,143.7073285859194,148.47486088500082,52.65496812788071,71.8302332520794,29.392961021349556,93.22308740288737,5.121582003210186,0.8020472526550293,0.6820603013038635,1,0
292,158.0061111600134,116.1216123520161,116.39980080038731,150.16017090619079,145.36333447513016,148.22549202881297,50.39746939760091,67.33556734854564,17.078734472391723,99.15601783105225,4.43595778750843,0.816851794719696,0.6768938302993774,1,0
293,152.3367642193188,90.86979170356842,114.96279082203365,136.28661369597611,148.7942570568192,170.34008500986616,62.00771456839317,80.44536428390656,5.593266727786319,99.36860977315504,2.0507595652866764,0.8131462335586548,0.6768890619277954,1,0
294,77.42501303247676,146.91990462680775,110.35321559552902,106.11563093548075,147.9775998935343,163.98440226495552,73.49834291782058,85.42323995073482,73.51758180384475,18.925236300315927,2.9649949427873223,0.7541630268096924,0.7972397804260254,0,0
295,107.80231845096253,72.88105186636248,67.21762545278689,110.9219046542545,147.8004669240766,154.4984094103733,71.74215309055572,158.50050683551316,50.25823922259866,85.99137265808756,10.26009074948463,0.7968035340309143,0.7139053344726562,0,0
296,140.24105385318805,56.52095985608469,73.97725875138643,87.46906211039853,173.80826648860068,124.41274633802517,71.09567020285915,78.07994550274985,48.65444670193342,71.96206261677618,15.087234066520853,0.800183117389679,0.7361917495727539,1,0
297,167.55703589255782,80.21625620934479,84.83770832633324,97.06938415403866,161.5360404979183,131.80529520329543,70.07750782411519,64.63637277537177,47.00633170680954,53.68242624557776,16.099408097285636,0.7944705486297607,0.7356348037719727,0,0
